review_id,product_id,customer_id,rating,review_date,review_text
1,103,1004,1,2024-04-17,I love it! Highly recommend.
2,101,1005,4,2024-05-12,"Terrible, do not buy this product."
3,102,1002,1,2024-07-06,"Not worth the price, poor quality."
4,105,1002,5,2024-10-03,"Okay, but not as good as expected."
5,104,1001,4,2024-07-18,"Not worth the price, poor quality."
6,102,1003,4,2024-11-28,"Good product, but could be improved."
7,104,1004,2,2024-06-04,"Okay, but not as good as expected."
8,103,1002,2,2024-06-13,I love it! Highly recommend.
9,105,1005,4,2024-01-29,I love it! Highly recommend.
10,104,1001,3,2024-05-28,"Terrible, do not buy this product."
11,101,1002,4,2024-07-17,"Okay, but not as good as expected."
12,105,1001,5,2024-04-06,I love it! Highly recommend.
13,105,1001,4,2024-12-21,"Okay, but not as good as expected."
14,103,1004,4,2024-01-13,"Not worth the price, poor quality."
15,103,1002,1,2024-07-27,"Excellent quality, exceeded my expectations!"
16,102,1003,1,2024-05-18,"Good product, but could be improved."
17,104,1002,5,2024-07-08,"Good product, but could be improved."
18,101,1002,5,2024-01-17,I love it! Highly recommend.
19,102,1005,5,2024-06-13,"Not worth the price, poor quality."
20,101,1004,5,2024-05-11,"Not worth the price, poor quality."
21,105,1002,1,2024-07-24,"Good product, but could be improved."
22,102,1002,3,2024-01-06,"Okay, but not as good as expected."
23,102,1001,5,2024-01-14,"Terrible, do not buy this product."
24,104,1001,4,2024-08-14,"Okay, but not as good as expected."
25,102,1004,3,2024-04-28,"Excellent quality, exceeded my expectations!"
26,104,1002,5,2024-06-19,"Excellent quality, exceeded my expectations!"
27,102,1004,1,2024-05-19,"Terrible, do not buy this product."
28,105,1004,3,2024-11-04,"Not worth the price, poor quality."
29,104,1004,4,2024-08-19,I love it! Highly recommend.
30,105,1001,4,2024-10-28,"Not worth the price, poor quality."
31,102,1002,5,2024-01-16,"Good product, but could be improved."
32,101,1005,3,2024-01-09,"Excellent quality, exceeded my expectations!"
33,102,1005,4,2024-07-10,I love it! Highly recommend.
34,102,1002,4,2024-01-15,"Okay, but not as good as expected."
35,104,1005,4,2024-04-30,"Excellent quality, exceeded my expectations!"
36,102,1001,2,2024-05-13,"Okay, but not as good as expected."
37,104,1001,5,2024-08-15,"Good product, but could be improved."
38,105,1003,5,2024-02-29,"Terrible, do not buy this product."
39,105,1005,5,2024-11-28,"Not worth the price, poor quality."
40,104,1002,2,2024-10-13,"Excellent quality, exceeded my expectations!"
41,101,1001,2,2024-05-07,"Okay, but not as good as expected."
42,102,1003,5,2024-12-16,"Terrible, do not buy this product."
43,101,1002,4,2024-12-04,"Okay, but not as good as expected."
44,105,1004,1,2024-05-04,"Not worth the price, poor quality."
45,101,1003,5,2024-02-24,I love it! Highly recommend.
46,103,1002,1,2024-06-07,"Good product, but could be improved."
47,102,1003,2,2024-01-30,"Not worth the price, poor quality."
48,103,1005,2,2024-02-15,I love it! Highly recommend.
49,101,1001,1,2024-07-03,"Okay, but not as good as expected."
50,104,1005,1,2024-03-16,"Terrible, do not buy this product."
51,101,1003,5,2024-10-13,"Excellent quality, exceeded my expectations!"
52,101,1005,1,2024-04-03,"Terrible, do not buy this product."
53,101,1004,3,2024-10-13,"Not worth the price, poor quality."
54,104,1003,5,2024-06-28,"Good product, but could be improved."
55,103,1001,4,2024-11-30,"Okay, but not as good as expected."
56,103,1003,3,2024-08-20,"Excellent quality, exceeded my expectations!"
57,101,1004,2,2024-12-25,"Terrible, do not buy this product."
58,102,1004,3,2024-06-05,I love it! Highly recommend.
59,102,1004,5,2024-08-10,"Good product, but could be improved."
60,103,1005,5,2023-12-29,"Okay, but not as good as expected."
61,101,1001,1,2024-09-20,"Okay, but not as good as expected."
62,105,1002,1,2024-08-11,"Excellent quality, exceeded my expectations!"
63,102,1004,4,2024-04-16,"Terrible, do not buy this product."
64,101,1005,3,2024-08-17,"Excellent quality, exceeded my expectations!"
65,103,1004,3,2024-10-05,"Not worth the price, poor quality."
66,103,1005,4,2024-10-03,"Okay, but not as good as expected."
67,103,1004,5,2024-08-06,"Excellent quality, exceeded my expectations!"
68,104,1001,4,2024-06-07,I love it! Highly recommend.
69,101,1003,2,2024-12-21,"Not worth the price, poor quality."
70,104,1003,5,2024-12-23,"Terrible, do not buy this product."
71,101,1002,5,2024-03-31,"Excellent quality, exceeded my expectations!"
72,104,1003,2,2024-02-18,"Terrible, do not buy this product."
73,101,1005,2,2024-08-18,"Excellent quality, exceeded my expectations!"
74,102,1004,3,2024-01-28,"Not worth the price, poor quality."
75,102,1004,4,2024-10-30,"Not worth the price, poor quality."
76,104,1005,2,2024-10-11,"Okay, but not as good as expected."
77,101,1003,4,2024-07-03,I love it! Highly recommend.
78,105,1005,3,2024-04-25,"Terrible, do not buy this product."
79,102,1002,3,2024-03-25,"Excellent quality, exceeded my expectations!"
80,105,1003,3,2024-06-01,"Not worth the price, poor quality."
81,103,1002,4,2024-07-25,"Not worth the price, poor quality."
82,103,1005,4,2024-10-11,"Good product, but could be improved."
83,105,1001,5,2024-01-20,"Okay, but not as good as expected."
84,101,1004,3,2024-12-15,"Excellent quality, exceeded my expectations!"
85,101,1001,4,2024-09-21,"Terrible, do not buy this product."
86,105,1001,2,2024-05-23,"Okay, but not as good as expected."
87,101,1005,5,2024-12-12,"Not worth the price, poor quality."
88,103,1004,2,2024-05-21,I love it! Highly recommend.
89,103,1001,5,2023-12-31,"Excellent quality, exceeded my expectations!"
90,103,1005,3,2024-11-11,"Good product, but could be improved."
91,102,1003,1,2024-09-06,"Good product, but could be improved."
92,102,1002,1,2024-09-12,I love it! Highly recommend.
93,104,1003,2,2024-05-31,"Excellent quality, exceeded my expectations!"
94,105,1002,4,2024-09-27,"Okay, but not as good as expected."
95,101,1003,2,2024-06-15,"Good product, but could be improved."
96,103,1002,4,2024-10-08,"Excellent quality, exceeded my expectations!"
97,101,1004,3,2024-06-30,"Not worth the price, poor quality."
98,102,1005,3,2024-02-20,"Okay, but not as good as expected."
99,103,1005,1,2024-10-15,"Okay, but not as good as expected."
100,102,1005,5,2024-02-08,"Okay, but not as good as expected."
101,102,1003,3,2024-03-19,"Excellent quality, exceeded my expectations!"
102,101,1001,1,2024-05-25,"Good product, but could be improved."
103,104,1002,2,2024-10-09,"Okay, but not as good as expected."
104,102,1004,5,2024-07-22,I love it! Highly recommend.
105,101,1003,5,2024-03-14,"Good product, but could be improved."
106,105,1005,1,2024-02-08,"Okay, but not as good as expected."
107,105,1004,3,2024-11-13,I love it! Highly recommend.
108,102,1001,2,2024-01-11,"Terrible, do not buy this product."
109,102,1005,1,2024-07-14,"Good product, but could be improved."
110,104,1003,5,2024-05-31,"Terrible, do not buy this product."
111,102,1001,5,2024-04-22,"Good product, but could be improved."
112,102,1003,2,2024-01-01,"Not worth the price, poor quality."
113,104,1001,1,2024-08-23,"Excellent quality, exceeded my expectations!"
114,101,1002,5,2024-10-28,I love it! Highly recommend.
115,105,1001,1,2024-09-30,"Okay, but not as good as expected."
116,102,1003,5,2024-12-12,"Good product, but could be improved."
117,102,1001,3,2023-12-29,"Not worth the price, poor quality."
118,101,1002,1,2024-11-19,"Excellent quality, exceeded my expectations!"
119,102,1005,5,2024-07-22,"Terrible, do not buy this product."
120,102,1003,2,2024-08-05,"Excellent quality, exceeded my expectations!"
121,105,1003,3,2024-06-29,"Excellent quality, exceeded my expectations!"
122,101,1002,5,2024-02-07,I love it! Highly recommend.
123,102,1003,2,2024-08-30,I love it! Highly recommend.
124,104,1001,4,2024-10-19,"Okay, but not as good as expected."
125,105,1003,4,2024-07-28,"Not worth the price, poor quality."
126,103,1002,2,2024-05-26,"Okay, but not as good as expected."
127,104,1004,5,2024-10-31,"Excellent quality, exceeded my expectations!"
128,101,1005,2,2024-04-01,"Good product, but could be improved."
129,103,1004,3,2024-03-01,"Terrible, do not buy this product."
130,105,1001,3,2024-02-15,I love it! Highly recommend.
131,101,1004,2,2024-09-24,"Not worth the price, poor quality."
132,104,1003,4,2024-03-12,"Good product, but could be improved."
133,102,1001,1,2024-06-01,"Okay, but not as good as expected."
134,101,1002,4,2024-12-10,I love it! Highly recommend.
135,101,1001,4,2024-04-25,"Excellent quality, exceeded my expectations!"
136,105,1002,3,2023-12-31,"Good product, but could be improved."
137,105,1001,5,2024-11-18,"Okay, but not as good as expected."
138,101,1004,5,2024-05-19,"Excellent quality, exceeded my expectations!"
139,105,1002,5,2024-01-01,I love it! Highly recommend.
140,101,1003,1,2024-08-18,I love it! Highly recommend.
141,104,1003,3,2024-06-19,"Terrible, do not buy this product."
142,104,1003,5,2024-10-15,"Good product, but could be improved."
143,101,1002,1,2024-02-01,"Okay, but not as good as expected."
144,101,1003,2,2024-02-14,I love it! Highly recommend.
145,102,1002,3,2024-03-03,"Not worth the price, poor quality."
146,102,1004,1,2024-04-18,"Okay, but not as good as expected."
147,104,1002,1,2024-04-24,"Okay, but not as good as expected."
148,103,1004,3,2024-04-26,"Not worth the price, poor quality."
149,101,1005,4,2024-05-10,"Terrible, do not buy this product."
150,104,1004,2,2024-07-11,"Okay, but not as good as expected."
151,101,1003,5,2024-10-02,"Okay, but not as good as expected."
152,104,1005,1,2024-06-15,"Okay, but not as good as expected."
153,102,1001,2,2024-12-06,"Good product, but could be improved."
154,102,1005,1,2024-08-08,"Good product, but could be improved."
155,102,1005,5,2024-09-04,"Not worth the price, poor quality."
156,105,1005,4,2024-09-24,"Okay, but not as good as expected."
157,103,1003,1,2024-07-17,"Good product, but could be improved."
158,105,1002,1,2024-07-18,"Terrible, do not buy this product."
159,104,1004,3,2024-02-15,"Good product, but could be improved."
160,102,1001,2,2023-12-28,"Not worth the price, poor quality."
161,102,1003,1,2024-07-10,I love it! Highly recommend.
162,104,1002,5,2024-04-21,"Terrible, do not buy this product."
163,105,1002,2,2024-06-04,"Excellent quality, exceeded my expectations!"
164,102,1003,5,2024-01-29,"Terrible, do not buy this product."
165,102,1001,3,2024-05-25,"Good product, but could be improved."
166,104,1002,2,2024-06-23,"Okay, but not as good as expected."
167,104,1005,2,2024-12-15,"Good product, but could be improved."
168,105,1005,5,2024-10-11,"Good product, but could be improved."
169,105,1004,4,2024-11-22,"Not worth the price, poor quality."
170,101,1002,5,2024-06-01,"Okay, but not as good as expected."
171,103,1004,3,2024-03-04,"Terrible, do not buy this product."
172,103,1001,5,2024-04-18,"Not worth the price, poor quality."
173,104,1003,5,2024-02-19,"Okay, but not as good as expected."
174,101,1005,4,2024-08-17,"Not worth the price, poor quality."
175,102,1005,2,2024-02-09,"Not worth the price, poor quality."
176,102,1005,5,2024-12-08,"Excellent quality, exceeded my expectations!"
177,102,1004,2,2024-11-15,"Okay, but not as good as expected."
178,102,1005,5,2024-02-23,"Good product, but could be improved."
179,104,1002,3,2024-02-28,"Excellent quality, exceeded my expectations!"
180,103,1005,1,2024-06-05,"Okay, but not as good as expected."
181,105,1005,4,2024-04-15,I love it! Highly recommend.
182,101,1004,4,2024-06-08,"Good product, but could be improved."
183,102,1002,3,2024-01-28,"Good product, but could be improved."
184,101,1002,4,2024-01-15,"Good product, but could be improved."
185,101,1005,2,2024-03-12,I love it! Highly recommend.
186,102,1005,1,2024-07-16,"Good product, but could be improved."
187,103,1003,4,2024-05-07,"Excellent quality, exceeded my expectations!"
188,104,1001,4,2024-02-20,I love it! Highly recommend.
189,101,1001,5,2024-04-01,"Not worth the price, poor quality."
190,103,1001,2,2024-10-26,"Excellent quality, exceeded my expectations!"
191,102,1003,2,2024-10-20,"Terrible, do not buy this product."
192,101,1002,5,2024-08-27,"Good product, but could be improved."
193,102,1001,1,2024-06-02,I love it! Highly recommend.
194,103,1001,1,2024-07-14,I love it! Highly recommend.
195,105,1005,2,2024-10-13,"Not worth the price, poor quality."
196,103,1003,3,2024-04-01,"Terrible, do not buy this product."
197,103,1001,3,2024-07-06,"Good product, but could be improved."
198,101,1001,4,2024-11-14,"Good product, but could be improved."
199,103,1002,4,2024-05-14,"Terrible, do not buy this product."
200,105,1001,2,2024-11-27,"Good product, but could be improved."
201,101,1002,1,2024-09-13,"Okay, but not as good as expected."
202,105,1002,3,2024-07-22,"Not worth the price, poor quality."
203,101,1004,4,2024-09-13,"Not worth the price, poor quality."
204,102,1005,1,2024-11-12,"Good product, but could be improved."
205,103,1002,5,2024-10-25,"Okay, but not as good as expected."
206,104,1004,4,2024-05-27,"Terrible, do not buy this product."
207,105,1003,3,2024-09-20,"Excellent quality, exceeded my expectations!"
208,101,1003,5,2024-05-28,"Good product, but could be improved."
209,102,1002,2,2024-11-29,"Not worth the price, poor quality."
210,104,1005,4,2024-08-13,"Terrible, do not buy this product."
211,104,1002,4,2024-07-11,"Terrible, do not buy this product."
212,103,1004,4,2024-10-18,"Good product, but could be improved."
213,101,1004,4,2024-06-24,"Excellent quality, exceeded my expectations!"
214,104,1002,2,2024-09-25,"Okay, but not as good as expected."
215,104,1001,1,2024-01-07,"Terrible, do not buy this product."
216,101,1003,1,2024-04-11,"Okay, but not as good as expected."
217,101,1005,5,2024-09-12,"Okay, but not as good as expected."
218,102,1001,4,2024-01-04,"Good product, but could be improved."
219,102,1001,2,2024-01-11,"Excellent quality, exceeded my expectations!"
220,103,1001,2,2024-01-19,"Excellent quality, exceeded my expectations!"
221,102,1002,2,2024-02-10,"Not worth the price, poor quality."
222,101,1004,2,2024-02-14,I love it! Highly recommend.
223,103,1004,4,2024-06-29,I love it! Highly recommend.
224,104,1002,1,2024-02-29,"Terrible, do not buy this product."
225,102,1002,1,2024-04-20,"Not worth the price, poor quality."
226,102,1003,4,2024-03-05,I love it! Highly recommend.
227,105,1001,4,2024-08-30,"Excellent quality, exceeded my expectations!"
228,104,1005,2,2024-02-08,"Terrible, do not buy this product."
229,102,1002,3,2024-05-24,"Terrible, do not buy this product."
230,101,1005,5,2024-10-08,I love it! Highly recommend.
231,105,1004,4,2024-10-24,"Terrible, do not buy this product."
232,101,1003,5,2024-09-21,"Good product, but could be improved."
233,102,1003,3,2024-08-26,"Not worth the price, poor quality."
234,105,1005,5,2024-08-26,I love it! Highly recommend.
235,102,1004,5,2024-02-28,"Good product, but could be improved."
236,105,1002,5,2024-09-28,I love it! Highly recommend.
237,102,1003,1,2024-10-01,"Good product, but could be improved."
238,105,1005,1,2024-06-15,"Okay, but not as good as expected."
239,101,1001,1,2024-01-06,"Good product, but could be improved."
240,101,1005,3,2024-10-12,I love it! Highly recommend.
241,101,1005,1,2024-03-31,I love it! Highly recommend.
242,102,1003,2,2024-06-05,"Not worth the price, poor quality."
243,104,1002,5,2024-06-05,"Not worth the price, poor quality."
244,103,1004,3,2024-07-07,"Good product, but could be improved."
245,103,1002,4,2024-07-02,I love it! Highly recommend.
246,105,1003,5,2024-10-17,I love it! Highly recommend.
247,105,1003,2,2024-10-11,"Terrible, do not buy this product."
248,102,1001,1,2024-03-23,"Okay, but not as good as expected."
249,105,1002,2,2024-09-28,"Not worth the price, poor quality."
250,105,1003,2,2024-04-30,I love it! Highly recommend.
251,103,1002,5,2024-10-19,"Okay, but not as good as expected."
252,103,1002,3,2024-10-28,I love it! Highly recommend.
253,105,1004,3,2024-01-16,"Terrible, do not buy this product."
254,103,1001,5,2024-11-23,I love it! Highly recommend.
255,103,1004,4,2024-01-07,"Not worth the price, poor quality."
256,102,1003,2,2024-02-23,"Terrible, do not buy this product."
257,105,1001,4,2024-01-26,"Terrible, do not buy this product."
258,101,1003,1,2024-04-06,I love it! Highly recommend.
259,101,1003,1,2024-11-28,"Okay, but not as good as expected."
260,103,1001,4,2024-11-28,"Good product, but could be improved."
261,103,1004,5,2024-07-27,I love it! Highly recommend.
262,105,1001,1,2024-07-22,"Good product, but could be improved."
263,104,1003,2,2024-02-25,I love it! Highly recommend.
264,102,1005,4,2024-01-22,"Not worth the price, poor quality."
265,102,1003,4,2024-02-03,"Good product, but could be improved."
266,102,1002,5,2024-08-15,"Not worth the price, poor quality."
267,101,1004,5,2024-01-25,"Terrible, do not buy this product."
268,104,1001,3,2024-09-05,"Excellent quality, exceeded my expectations!"
269,101,1005,1,2024-09-09,"Terrible, do not buy this product."
270,104,1003,5,2023-12-28,"Okay, but not as good as expected."
271,103,1004,3,2024-01-05,"Terrible, do not buy this product."
272,105,1003,2,2024-07-21,"Not worth the price, poor quality."
273,105,1005,3,2024-05-01,"Okay, but not as good as expected."
274,103,1002,3,2024-08-07,I love it! Highly recommend.
275,104,1003,2,2024-01-26,"Terrible, do not buy this product."
276,104,1005,3,2024-05-11,"Terrible, do not buy this product."
277,101,1003,5,2024-06-05,"Good product, but could be improved."
278,102,1005,4,2024-10-13,"Okay, but not as good as expected."
279,104,1005,2,2024-03-28,"Not worth the price, poor quality."
280,101,1005,4,2024-11-18,"Okay, but not as good as expected."
281,101,1001,1,2024-04-05,"Terrible, do not buy this product."
282,102,1005,3,2024-03-11,I love it! Highly recommend.
283,104,1002,4,2024-06-12,"Terrible, do not buy this product."
284,102,1005,3,2024-05-21,"Good product, but could be improved."
285,105,1001,5,2024-04-03,"Good product, but could be improved."
286,105,1003,1,2024-10-01,"Excellent quality, exceeded my expectations!"
287,101,1004,2,2024-04-11,"Excellent quality, exceeded my expectations!"
288,101,1001,3,2024-07-26,"Not worth the price, poor quality."
289,102,1001,3,2024-07-23,"Terrible, do not buy this product."
290,104,1004,5,2024-10-05,"Okay, but not as good as expected."
291,103,1004,3,2024-02-04,"Not worth the price, poor quality."
292,105,1004,3,2024-08-09,"Not worth the price, poor quality."
293,105,1002,4,2024-05-31,"Excellent quality, exceeded my expectations!"
294,101,1003,5,2024-04-08,"Good product, but could be improved."
295,105,1005,5,2024-04-21,"Good product, but could be improved."
296,101,1005,5,2024-08-29,"Okay, but not as good as expected."
297,103,1004,4,2024-02-20,"Not worth the price, poor quality."
298,104,1003,2,2024-12-07,"Excellent quality, exceeded my expectations!"
299,104,1005,2,2024-08-16,"Excellent quality, exceeded my expectations!"
300,102,1003,2,2024-09-20,"Okay, but not as good as expected."
301,104,1004,2,2024-02-21,"Not worth the price, poor quality."
302,102,1003,5,2024-07-12,"Excellent quality, exceeded my expectations!"
303,103,1005,3,2024-04-07,"Good product, but could be improved."
304,102,1005,2,2024-11-17,"Okay, but not as good as expected."
305,105,1001,3,2024-06-25,"Okay, but not as good as expected."
306,101,1005,5,2024-10-21,"Okay, but not as good as expected."
307,103,1004,3,2024-02-21,"Excellent quality, exceeded my expectations!"
308,105,1004,4,2024-05-25,"Excellent quality, exceeded my expectations!"
309,105,1005,5,2024-11-20,"Excellent quality, exceeded my expectations!"
310,105,1001,3,2024-06-30,"Not worth the price, poor quality."
311,101,1003,4,2024-04-14,I love it! Highly recommend.
312,101,1003,3,2024-02-09,"Terrible, do not buy this product."
313,103,1001,3,2024-03-26,"Not worth the price, poor quality."
314,101,1001,2,2024-02-14,"Okay, but not as good as expected."
315,105,1001,4,2024-12-05,"Excellent quality, exceeded my expectations!"
316,103,1001,4,2024-08-06,"Terrible, do not buy this product."
317,104,1001,4,2024-03-10,I love it! Highly recommend.
318,104,1002,5,2024-07-14,"Excellent quality, exceeded my expectations!"
319,101,1001,3,2024-11-21,I love it! Highly recommend.
320,105,1005,2,2024-05-02,"Okay, but not as good as expected."
321,102,1004,5,2024-04-22,"Not worth the price, poor quality."
322,105,1005,3,2024-09-20,"Excellent quality, exceeded my expectations!"
323,102,1001,5,2024-07-27,"Excellent quality, exceeded my expectations!"
324,103,1001,5,2024-01-28,"Good product, but could be improved."
325,103,1004,3,2024-12-16,"Not worth the price, poor quality."
326,103,1004,2,2024-02-04,"Good product, but could be improved."
327,103,1005,5,2024-05-28,"Not worth the price, poor quality."
328,102,1005,4,2024-02-13,"Not worth the price, poor quality."
329,105,1002,1,2024-07-24,"Terrible, do not buy this product."
330,105,1001,5,2024-11-19,"Good product, but could be improved."
331,102,1005,4,2024-04-24,"Okay, but not as good as expected."
332,101,1005,2,2024-05-24,"Okay, but not as good as expected."
333,104,1004,1,2024-12-02,I love it! Highly recommend.
334,102,1004,2,2024-07-03,I love it! Highly recommend.
335,105,1004,3,2024-09-09,"Not worth the price, poor quality."
336,101,1002,3,2024-05-22,"Okay, but not as good as expected."
337,105,1004,1,2024-05-10,I love it! Highly recommend.
338,104,1001,5,2024-11-04,I love it! Highly recommend.
339,101,1001,4,2024-07-28,"Good product, but could be improved."
340,103,1002,3,2024-02-22,"Okay, but not as good as expected."
341,105,1002,5,2024-11-17,"Excellent quality, exceeded my expectations!"
342,102,1001,2,2024-03-17,"Excellent quality, exceeded my expectations!"
343,101,1002,2,2024-02-09,I love it! Highly recommend.
344,102,1001,3,2024-09-10,"Excellent quality, exceeded my expectations!"
345,103,1005,5,2024-03-16,"Okay, but not as good as expected."
346,103,1004,3,2024-08-05,"Good product, but could be improved."
347,104,1005,3,2024-05-09,"Not worth the price, poor quality."
348,103,1001,4,2024-06-17,I love it! Highly recommend.
349,104,1003,4,2024-03-17,"Okay, but not as good as expected."
350,105,1003,1,2024-09-25,"Terrible, do not buy this product."
351,101,1004,1,2024-06-13,"Excellent quality, exceeded my expectations!"
352,103,1004,4,2024-06-14,I love it! Highly recommend.
353,104,1001,3,2024-02-17,"Excellent quality, exceeded my expectations!"
354,104,1003,3,2024-11-29,"Not worth the price, poor quality."
355,105,1005,2,2024-02-10,"Okay, but not as good as expected."
356,102,1001,4,2024-11-28,I love it! Highly recommend.
357,103,1003,1,2024-05-08,"Good product, but could be improved."
358,103,1003,1,2024-01-10,"Terrible, do not buy this product."
359,105,1004,4,2024-11-30,"Good product, but could be improved."
360,105,1004,5,2024-04-14,"Excellent quality, exceeded my expectations!"
361,102,1001,2,2024-11-14,"Terrible, do not buy this product."
362,102,1005,5,2024-05-07,I love it! Highly recommend.
363,103,1003,2,2024-03-31,"Terrible, do not buy this product."
364,103,1001,2,2024-07-06,"Not worth the price, poor quality."
365,104,1005,2,2024-11-01,"Okay, but not as good as expected."
366,101,1001,5,2024-03-31,"Not worth the price, poor quality."
367,105,1005,3,2024-01-29,"Excellent quality, exceeded my expectations!"
368,105,1002,2,2024-09-18,I love it! Highly recommend.
369,105,1004,2,2024-05-06,"Terrible, do not buy this product."
370,105,1001,3,2024-01-30,"Good product, but could be improved."
371,101,1001,4,2024-11-07,"Terrible, do not buy this product."
372,104,1005,3,2024-04-13,"Okay, but not as good as expected."
373,104,1004,5,2024-12-15,"Okay, but not as good as expected."
374,105,1003,4,2024-11-20,"Not worth the price, poor quality."
375,102,1002,5,2024-03-23,I love it! Highly recommend.
376,104,1005,5,2024-05-22,"Excellent quality, exceeded my expectations!"
377,104,1002,5,2024-03-17,"Okay, but not as good as expected."
378,104,1001,5,2024-01-19,"Not worth the price, poor quality."
379,101,1001,3,2024-12-22,"Okay, but not as good as expected."
380,104,1005,2,2024-02-03,"Good product, but could be improved."
381,104,1004,5,2024-08-24,"Good product, but could be improved."
382,103,1005,3,2024-03-17,"Good product, but could be improved."
383,102,1003,3,2024-06-23,"Not worth the price, poor quality."
384,102,1002,5,2024-09-03,"Good product, but could be improved."
385,101,1001,5,2024-11-23,"Not worth the price, poor quality."
386,103,1005,4,2024-10-05,"Not worth the price, poor quality."
387,103,1005,1,2023-12-28,I love it! Highly recommend.
388,103,1001,3,2023-12-27,"Okay, but not as good as expected."
389,104,1005,2,2024-01-23,"Excellent quality, exceeded my expectations!"
390,101,1004,1,2024-09-07,"Excellent quality, exceeded my expectations!"
391,101,1005,4,2024-01-01,I love it! Highly recommend.
392,103,1005,3,2024-10-25,"Not worth the price, poor quality."
393,105,1004,4,2024-10-24,I love it! Highly recommend.
394,102,1004,1,2024-08-05,"Good product, but could be improved."
395,101,1001,2,2024-10-04,"Not worth the price, poor quality."
396,104,1005,2,2024-11-02,"Not worth the price, poor quality."
397,103,1001,1,2024-01-15,I love it! Highly recommend.
398,102,1004,4,2024-05-17,"Excellent quality, exceeded my expectations!"
399,103,1001,2,2024-12-20,"Good product, but could be improved."
400,102,1003,5,2024-07-31,"Excellent quality, exceeded my expectations!"
401,103,1005,3,2024-02-12,"Good product, but could be improved."
402,101,1002,3,2024-10-28,"Terrible, do not buy this product."
403,103,1004,5,2024-11-05,"Excellent quality, exceeded my expectations!"
404,105,1003,5,2024-11-07,"Terrible, do not buy this product."
405,103,1001,2,2024-02-07,"Not worth the price, poor quality."
406,104,1005,5,2024-01-14,"Okay, but not as good as expected."
407,101,1003,5,2024-05-20,"Good product, but could be improved."
408,102,1005,1,2024-11-06,"Excellent quality, exceeded my expectations!"
409,103,1003,5,2024-08-01,"Okay, but not as good as expected."
410,103,1004,3,2024-12-21,I love it! Highly recommend.
411,101,1003,2,2024-12-19,I love it! Highly recommend.
412,103,1004,4,2024-10-18,"Good product, but could be improved."
413,101,1002,4,2024-06-14,"Excellent quality, exceeded my expectations!"
414,101,1004,2,2024-11-28,"Excellent quality, exceeded my expectations!"
415,104,1002,5,2024-09-07,"Not worth the price, poor quality."
416,105,1001,2,2024-09-25,I love it! Highly recommend.
417,102,1001,1,2024-03-05,I love it! Highly recommend.
418,105,1004,1,2024-03-04,"Not worth the price, poor quality."
419,101,1005,4,2024-04-23,"Not worth the price, poor quality."
420,103,1005,5,2024-07-22,"Not worth the price, poor quality."
421,103,1003,5,2024-07-03,"Excellent quality, exceeded my expectations!"
422,103,1004,5,2024-04-27,"Excellent quality, exceeded my expectations!"
423,105,1001,3,2024-02-06,"Good product, but could be improved."
424,105,1002,3,2024-05-28,"Terrible, do not buy this product."
425,105,1002,3,2024-04-15,"Good product, but could be improved."
426,104,1003,5,2024-07-28,"Terrible, do not buy this product."
427,104,1002,4,2024-12-19,I love it! Highly recommend.
428,103,1001,2,2024-10-13,"Okay, but not as good as expected."
429,105,1004,5,2024-09-09,"Excellent quality, exceeded my expectations!"
430,103,1005,1,2024-05-22,"Excellent quality, exceeded my expectations!"
431,104,1003,4,2024-02-27,"Good product, but could be improved."
432,104,1001,1,2024-01-04,I love it! Highly recommend.
433,104,1003,4,2024-09-24,"Excellent quality, exceeded my expectations!"
434,104,1001,1,2024-03-20,I love it! Highly recommend.
435,102,1003,2,2024-03-23,"Terrible, do not buy this product."
436,101,1002,4,2024-07-09,"Excellent quality, exceeded my expectations!"
437,103,1003,2,2024-10-12,"Good product, but could be improved."
438,105,1004,5,2024-09-27,"Okay, but not as good as expected."
439,101,1004,4,2024-09-06,"Excellent quality, exceeded my expectations!"
440,103,1003,1,2024-05-19,I love it! Highly recommend.
441,103,1001,5,2024-12-13,"Okay, but not as good as expected."
442,105,1004,5,2024-12-21,"Not worth the price, poor quality."
443,102,1005,2,2024-09-20,"Not worth the price, poor quality."
444,104,1002,4,2024-10-04,"Okay, but not as good as expected."
445,103,1004,2,2024-05-27,"Terrible, do not buy this product."
446,103,1001,3,2024-04-24,"Okay, but not as good as expected."
447,102,1003,2,2024-01-29,I love it! Highly recommend.
448,105,1001,1,2024-07-24,"Okay, but not as good as expected."
449,104,1003,2,2024-02-29,"Not worth the price, poor quality."
450,102,1002,5,2024-08-01,"Not worth the price, poor quality."
451,101,1004,5,2024-04-12,"Excellent quality, exceeded my expectations!"
452,104,1005,3,2024-11-12,"Not worth the price, poor quality."
453,104,1003,1,2024-09-04,"Good product, but could be improved."
454,105,1003,2,2024-04-26,"Not worth the price, poor quality."
455,102,1002,2,2024-02-28,I love it! Highly recommend.
456,104,1001,5,2024-04-02,"Excellent quality, exceeded my expectations!"
457,101,1001,1,2024-09-30,"Good product, but could be improved."
458,101,1004,4,2024-12-01,"Terrible, do not buy this product."
459,104,1003,1,2024-09-17,"Terrible, do not buy this product."
460,105,1002,3,2024-04-24,I love it! Highly recommend.
461,103,1003,5,2024-01-27,"Terrible, do not buy this product."
462,101,1004,3,2024-08-23,"Okay, but not as good as expected."
463,105,1004,3,2024-01-04,"Good product, but could be improved."
464,101,1002,5,2024-05-22,"Okay, but not as good as expected."
465,105,1004,2,2024-10-21,"Terrible, do not buy this product."
466,105,1005,3,2024-01-19,I love it! Highly recommend.
467,102,1002,1,2024-10-29,"Okay, but not as good as expected."
468,102,1003,4,2024-03-20,I love it! Highly recommend.
469,105,1001,5,2024-04-30,I love it! Highly recommend.
470,102,1001,1,2024-06-19,"Excellent quality, exceeded my expectations!"
471,104,1004,4,2024-02-05,"Good product, but could be improved."
472,104,1003,4,2024-04-17,I love it! Highly recommend.
473,104,1004,3,2024-11-14,I love it! Highly recommend.
474,101,1001,3,2024-07-29,"Not worth the price, poor quality."
475,102,1002,3,2024-11-23,"Good product, but could be improved."
476,102,1005,2,2024-05-29,"Terrible, do not buy this product."
477,101,1005,5,2024-11-28,"Excellent quality, exceeded my expectations!"
478,104,1003,5,2024-08-16,"Terrible, do not buy this product."
479,102,1002,2,2024-08-17,"Good product, but could be improved."
480,103,1001,5,2024-07-01,I love it! Highly recommend.
481,102,1001,2,2024-08-18,"Okay, but not as good as expected."
482,102,1002,3,2024-07-23,"Not worth the price, poor quality."
483,103,1001,5,2024-10-01,"Okay, but not as good as expected."
484,103,1003,3,2024-02-04,"Good product, but could be improved."
485,103,1001,5,2024-04-05,"Terrible, do not buy this product."
486,105,1005,4,2024-09-23,"Terrible, do not buy this product."
487,104,1005,4,2024-09-13,"Terrible, do not buy this product."
488,104,1005,5,2024-05-11,I love it! Highly recommend.
489,104,1002,5,2024-01-14,"Terrible, do not buy this product."
490,101,1004,5,2024-01-01,"Good product, but could be improved."
491,102,1005,3,2024-11-19,"Not worth the price, poor quality."
492,101,1005,5,2024-07-09,"Not worth the price, poor quality."
493,103,1001,4,2024-01-04,"Excellent quality, exceeded my expectations!"
494,104,1003,4,2024-02-12,"Good product, but could be improved."
495,103,1004,4,2024-07-22,"Okay, but not as good as expected."
496,104,1004,3,2024-12-07,"Okay, but not as good as expected."
497,102,1004,5,2024-02-24,"Good product, but could be improved."
498,101,1002,2,2024-08-22,"Excellent quality, exceeded my expectations!"
499,101,1001,2,2024-08-24,"Not worth the price, poor quality."
500,103,1004,1,2024-04-21,"Not worth the price, poor quality."
501,102,1003,2,2024-03-26,"Good product, but could be improved."
502,104,1001,4,2024-09-10,"Terrible, do not buy this product."
503,104,1004,4,2024-11-09,"Okay, but not as good as expected."
504,101,1001,2,2024-03-13,"Not worth the price, poor quality."
505,104,1002,4,2024-09-13,"Good product, but could be improved."
506,101,1001,3,2024-08-22,I love it! Highly recommend.
507,101,1001,4,2024-03-06,I love it! Highly recommend.
508,102,1004,2,2024-01-27,I love it! Highly recommend.
509,101,1005,1,2024-02-05,I love it! Highly recommend.
510,102,1002,1,2024-01-07,I love it! Highly recommend.
511,104,1003,2,2024-01-29,"Terrible, do not buy this product."
512,103,1004,1,2024-04-07,"Terrible, do not buy this product."
513,103,1004,5,2024-12-07,"Terrible, do not buy this product."
514,102,1002,3,2024-04-04,I love it! Highly recommend.
515,104,1004,4,2024-02-05,"Not worth the price, poor quality."
516,103,1004,1,2024-05-24,I love it! Highly recommend.
517,101,1005,2,2024-11-02,"Not worth the price, poor quality."
518,101,1003,5,2024-04-10,"Not worth the price, poor quality."
519,101,1002,2,2024-01-26,"Okay, but not as good as expected."
520,104,1005,5,2024-10-02,I love it! Highly recommend.
521,105,1002,1,2024-04-19,I love it! Highly recommend.
522,102,1004,3,2024-08-20,"Terrible, do not buy this product."
523,101,1002,5,2024-01-14,"Not worth the price, poor quality."
524,102,1002,1,2024-02-23,"Okay, but not as good as expected."
525,102,1002,1,2024-04-18,"Excellent quality, exceeded my expectations!"
526,101,1003,5,2024-12-13,"Not worth the price, poor quality."
527,101,1002,4,2024-12-06,"Terrible, do not buy this product."
528,105,1002,4,2024-03-19,"Terrible, do not buy this product."
529,105,1004,1,2024-09-12,"Okay, but not as good as expected."
530,104,1003,4,2024-07-12,"Not worth the price, poor quality."
531,105,1001,2,2024-12-05,"Terrible, do not buy this product."
532,103,1003,5,2024-05-12,"Terrible, do not buy this product."
533,105,1001,5,2024-10-12,I love it! Highly recommend.
534,103,1004,2,2024-04-21,I love it! Highly recommend.
535,105,1003,3,2024-08-31,I love it! Highly recommend.
536,103,1004,4,2024-07-28,"Excellent quality, exceeded my expectations!"
537,105,1002,5,2024-05-26,"Not worth the price, poor quality."
538,105,1005,5,2024-10-25,"Terrible, do not buy this product."
539,105,1004,2,2024-08-31,"Terrible, do not buy this product."
540,103,1003,4,2024-07-02,"Not worth the price, poor quality."
541,102,1002,2,2024-06-23,"Excellent quality, exceeded my expectations!"
542,101,1004,5,2024-12-15,"Terrible, do not buy this product."
543,103,1004,4,2024-01-26,I love it! Highly recommend.
544,105,1005,4,2024-02-19,"Not worth the price, poor quality."
545,102,1003,1,2024-07-18,"Okay, but not as good as expected."
546,104,1004,3,2024-11-25,"Good product, but could be improved."
547,104,1001,3,2024-08-06,"Okay, but not as good as expected."
548,105,1002,3,2024-08-19,"Terrible, do not buy this product."
549,101,1003,1,2024-06-29,I love it! Highly recommend.
550,103,1005,3,2024-08-06,"Terrible, do not buy this product."
551,105,1004,3,2024-11-19,"Terrible, do not buy this product."
552,102,1005,1,2024-04-13,"Terrible, do not buy this product."
553,103,1001,2,2024-07-27,"Terrible, do not buy this product."
554,105,1004,2,2024-10-22,"Good product, but could be improved."
555,101,1001,3,2024-12-23,"Excellent quality, exceeded my expectations!"
556,105,1003,4,2024-10-01,"Terrible, do not buy this product."
557,102,1002,4,2024-01-07,"Good product, but could be improved."
558,102,1003,4,2024-11-07,"Excellent quality, exceeded my expectations!"
559,105,1001,4,2024-06-25,"Terrible, do not buy this product."
560,105,1004,5,2024-12-25,"Okay, but not as good as expected."
561,105,1003,1,2024-02-19,"Good product, but could be improved."
562,101,1002,4,2024-01-10,"Terrible, do not buy this product."
563,103,1002,5,2024-06-17,"Okay, but not as good as expected."
564,101,1001,3,2024-07-06,"Not worth the price, poor quality."
565,101,1003,2,2024-07-28,"Good product, but could be improved."
566,105,1005,2,2024-10-20,"Not worth the price, poor quality."
567,102,1005,4,2024-06-16,I love it! Highly recommend.
568,103,1003,4,2024-10-12,"Not worth the price, poor quality."
569,102,1004,5,2024-10-23,"Terrible, do not buy this product."
570,104,1001,4,2024-12-17,"Excellent quality, exceeded my expectations!"
571,105,1005,5,2024-11-01,"Okay, but not as good as expected."
572,103,1005,1,2024-12-20,"Not worth the price, poor quality."
573,103,1001,2,2024-08-11,"Excellent quality, exceeded my expectations!"
574,101,1002,1,2024-02-10,"Terrible, do not buy this product."
575,102,1004,2,2024-08-01,"Okay, but not as good as expected."
576,105,1005,1,2024-12-11,"Okay, but not as good as expected."
577,101,1001,1,2024-12-09,"Terrible, do not buy this product."
578,103,1003,5,2024-01-12,"Terrible, do not buy this product."
579,102,1004,3,2024-05-22,I love it! Highly recommend.
580,105,1003,2,2024-10-26,I love it! Highly recommend.
581,105,1003,1,2024-09-09,"Okay, but not as good as expected."
582,105,1005,5,2024-09-30,I love it! Highly recommend.
583,105,1003,3,2024-10-19,I love it! Highly recommend.
584,102,1005,4,2024-09-11,"Not worth the price, poor quality."
585,102,1003,5,2024-10-18,"Not worth the price, poor quality."
586,103,1002,5,2024-09-27,"Good product, but could be improved."
587,104,1005,4,2024-10-26,"Terrible, do not buy this product."
588,104,1004,2,2024-03-20,"Good product, but could be improved."
589,101,1004,2,2024-12-21,"Terrible, do not buy this product."
590,103,1005,1,2024-07-27,"Okay, but not as good as expected."
591,103,1005,3,2024-10-06,"Good product, but could be improved."
592,103,1002,5,2024-01-05,I love it! Highly recommend.
593,102,1002,2,2024-03-03,"Excellent quality, exceeded my expectations!"
594,102,1004,1,2024-07-29,"Okay, but not as good as expected."
595,102,1003,2,2024-09-02,I love it! Highly recommend.
596,103,1005,1,2024-04-29,"Terrible, do not buy this product."
597,103,1003,3,2024-07-15,"Terrible, do not buy this product."
598,104,1004,4,2024-12-24,"Excellent quality, exceeded my expectations!"
599,102,1004,3,2024-01-08,"Not worth the price, poor quality."
600,104,1001,3,2024-10-05,"Okay, but not as good as expected."
601,105,1004,5,2024-04-26,"Good product, but could be improved."
602,105,1005,2,2024-07-14,"Good product, but could be improved."
603,104,1004,5,2024-05-05,"Excellent quality, exceeded my expectations!"
604,102,1003,3,2024-06-20,"Terrible, do not buy this product."
605,104,1003,1,2024-06-21,"Good product, but could be improved."
606,104,1002,2,2024-01-10,"Excellent quality, exceeded my expectations!"
607,105,1004,2,2024-07-20,"Not worth the price, poor quality."
608,102,1002,5,2024-09-13,"Terrible, do not buy this product."
609,105,1002,2,2024-03-26,I love it! Highly recommend.
610,102,1001,3,2024-08-13,"Good product, but could be improved."
611,101,1003,4,2024-05-18,"Excellent quality, exceeded my expectations!"
612,105,1002,1,2024-02-09,"Good product, but could be improved."
613,105,1002,3,2024-07-24,"Terrible, do not buy this product."
614,103,1004,5,2024-02-13,"Excellent quality, exceeded my expectations!"
615,101,1004,5,2024-05-29,"Good product, but could be improved."
616,104,1003,4,2024-05-14,"Okay, but not as good as expected."
617,102,1002,1,2024-02-28,"Okay, but not as good as expected."
618,101,1005,1,2024-12-22,"Not worth the price, poor quality."
619,101,1002,2,2024-09-05,"Excellent quality, exceeded my expectations!"
620,102,1001,2,2024-07-17,"Not worth the price, poor quality."
621,103,1004,5,2024-09-22,"Terrible, do not buy this product."
622,105,1002,4,2024-09-25,"Good product, but could be improved."
623,104,1001,3,2024-11-02,"Okay, but not as good as expected."
624,102,1002,2,2024-06-01,"Good product, but could be improved."
625,103,1005,1,2024-04-18,"Terrible, do not buy this product."
626,102,1004,1,2024-08-06,"Okay, but not as good as expected."
627,101,1002,2,2024-03-03,"Okay, but not as good as expected."
628,101,1005,2,2024-03-25,"Excellent quality, exceeded my expectations!"
629,103,1004,2,2024-01-08,I love it! Highly recommend.
630,104,1002,4,2024-08-09,"Good product, but could be improved."
631,103,1002,1,2024-07-08,"Excellent quality, exceeded my expectations!"
632,104,1002,1,2024-03-25,"Okay, but not as good as expected."
633,101,1002,3,2024-04-14,"Not worth the price, poor quality."
634,104,1005,3,2024-02-11,I love it! Highly recommend.
635,104,1002,5,2024-04-24,"Not worth the price, poor quality."
636,104,1001,5,2024-08-15,"Excellent quality, exceeded my expectations!"
637,102,1002,4,2024-07-20,"Not worth the price, poor quality."
638,104,1005,5,2024-10-01,"Okay, but not as good as expected."
639,104,1004,2,2024-11-12,"Excellent quality, exceeded my expectations!"
640,103,1003,3,2024-03-24,"Good product, but could be improved."
641,105,1003,2,2024-02-12,"Good product, but could be improved."
642,101,1002,5,2024-01-27,"Terrible, do not buy this product."
643,103,1005,5,2024-05-12,"Excellent quality, exceeded my expectations!"
644,105,1001,2,2024-09-05,"Terrible, do not buy this product."
645,101,1001,1,2024-06-09,"Terrible, do not buy this product."
646,104,1001,3,2024-07-31,"Okay, but not as good as expected."
647,102,1002,4,2024-08-25,"Not worth the price, poor quality."
648,101,1005,3,2024-05-09,"Not worth the price, poor quality."
649,102,1003,4,2024-03-17,"Not worth the price, poor quality."
650,104,1002,4,2024-11-13,"Excellent quality, exceeded my expectations!"
651,104,1005,2,2024-03-07,I love it! Highly recommend.
652,101,1002,1,2024-06-22,"Excellent quality, exceeded my expectations!"
653,104,1005,4,2024-01-31,"Terrible, do not buy this product."
654,101,1004,2,2024-05-31,"Good product, but could be improved."
655,102,1004,1,2024-08-31,"Excellent quality, exceeded my expectations!"
656,105,1005,4,2024-06-01,"Terrible, do not buy this product."
657,105,1002,4,2024-08-18,"Terrible, do not buy this product."
658,102,1002,5,2024-08-20,"Excellent quality, exceeded my expectations!"
659,105,1005,2,2024-04-13,"Excellent quality, exceeded my expectations!"
660,101,1002,2,2024-05-03,"Not worth the price, poor quality."
661,105,1005,5,2024-05-26,I love it! Highly recommend.
662,103,1004,1,2024-08-10,"Good product, but could be improved."
663,103,1002,2,2024-02-23,"Okay, but not as good as expected."
664,102,1004,5,2024-10-26,"Not worth the price, poor quality."
665,102,1001,4,2024-04-17,I love it! Highly recommend.
666,103,1005,4,2024-10-31,"Okay, but not as good as expected."
667,104,1002,3,2024-05-08,"Excellent quality, exceeded my expectations!"
668,104,1004,3,2024-05-19,"Okay, but not as good as expected."
669,102,1005,4,2024-12-17,"Okay, but not as good as expected."
670,105,1001,4,2024-02-08,"Not worth the price, poor quality."
671,104,1001,3,2024-10-04,"Terrible, do not buy this product."
672,102,1002,2,2024-04-20,"Okay, but not as good as expected."
673,103,1003,5,2024-03-12,"Good product, but could be improved."
674,103,1004,5,2024-02-15,"Excellent quality, exceeded my expectations!"
675,102,1001,3,2024-02-14,"Okay, but not as good as expected."
676,102,1001,5,2024-08-25,"Excellent quality, exceeded my expectations!"
677,105,1002,1,2024-03-31,"Terrible, do not buy this product."
678,104,1003,5,2024-05-16,"Not worth the price, poor quality."
679,104,1003,2,2024-02-26,"Okay, but not as good as expected."
680,104,1003,4,2024-12-20,"Excellent quality, exceeded my expectations!"
681,104,1002,4,2024-10-11,I love it! Highly recommend.
682,104,1003,1,2024-05-28,"Terrible, do not buy this product."
683,104,1004,5,2024-11-28,"Not worth the price, poor quality."
684,102,1005,4,2024-12-03,"Okay, but not as good as expected."
685,105,1001,1,2024-01-08,"Okay, but not as good as expected."
686,102,1002,2,2024-01-17,"Good product, but could be improved."
687,103,1002,4,2024-09-21,"Excellent quality, exceeded my expectations!"
688,103,1002,5,2024-10-27,"Not worth the price, poor quality."
689,101,1004,4,2024-07-10,"Good product, but could be improved."
690,105,1003,1,2024-08-09,"Good product, but could be improved."
691,104,1002,3,2024-04-09,"Terrible, do not buy this product."
692,103,1003,4,2024-06-29,"Good product, but could be improved."
693,103,1003,1,2024-12-20,"Terrible, do not buy this product."
694,103,1005,5,2024-04-12,"Excellent quality, exceeded my expectations!"
695,104,1001,1,2024-03-12,"Excellent quality, exceeded my expectations!"
696,104,1003,4,2024-02-19,"Excellent quality, exceeded my expectations!"
697,102,1001,1,2024-05-05,I love it! Highly recommend.
698,103,1005,5,2024-04-30,"Not worth the price, poor quality."
699,101,1005,1,2024-11-30,"Terrible, do not buy this product."
700,103,1003,3,2024-10-18,"Excellent quality, exceeded my expectations!"
701,103,1002,4,2024-08-07,"Excellent quality, exceeded my expectations!"
702,102,1002,3,2024-09-17,"Good product, but could be improved."
703,103,1002,2,2024-04-12,I love it! Highly recommend.
704,102,1005,4,2024-07-07,"Terrible, do not buy this product."
705,101,1002,2,2024-07-04,"Terrible, do not buy this product."
706,105,1003,2,2024-12-19,"Terrible, do not buy this product."
707,103,1005,1,2024-02-02,"Terrible, do not buy this product."
708,102,1001,5,2024-01-27,"Okay, but not as good as expected."
709,104,1004,3,2024-04-17,"Good product, but could be improved."
710,103,1004,5,2024-02-09,"Terrible, do not buy this product."
711,103,1001,2,2024-09-03,"Okay, but not as good as expected."
712,102,1002,2,2024-09-03,"Excellent quality, exceeded my expectations!"
713,101,1005,2,2024-09-19,I love it! Highly recommend.
714,104,1001,1,2024-10-10,I love it! Highly recommend.
715,102,1004,3,2024-05-07,I love it! Highly recommend.
716,103,1002,2,2024-07-24,"Okay, but not as good as expected."
717,101,1005,1,2024-03-14,"Okay, but not as good as expected."
718,104,1002,5,2024-09-19,"Terrible, do not buy this product."
719,105,1005,1,2024-05-20,I love it! Highly recommend.
720,105,1005,5,2024-10-03,"Terrible, do not buy this product."
721,105,1001,1,2024-05-10,"Excellent quality, exceeded my expectations!"
722,101,1004,4,2024-01-28,"Okay, but not as good as expected."
723,103,1003,1,2023-12-29,"Not worth the price, poor quality."
724,102,1003,5,2024-11-28,"Terrible, do not buy this product."
725,103,1001,4,2024-04-02,I love it! Highly recommend.
726,101,1002,3,2024-07-26,"Terrible, do not buy this product."
727,105,1001,4,2023-12-28,"Good product, but could be improved."
728,103,1001,4,2024-03-25,"Excellent quality, exceeded my expectations!"
729,102,1002,4,2024-02-14,"Okay, but not as good as expected."
730,102,1001,5,2024-03-19,"Excellent quality, exceeded my expectations!"
731,104,1004,3,2024-05-27,"Terrible, do not buy this product."
732,105,1001,3,2024-10-07,I love it! Highly recommend.
733,104,1004,3,2024-10-09,"Okay, but not as good as expected."
734,103,1004,1,2024-03-15,I love it! Highly recommend.
735,102,1003,4,2024-04-18,"Okay, but not as good as expected."
736,103,1005,2,2024-03-05,"Excellent quality, exceeded my expectations!"
737,102,1005,4,2024-03-07,"Terrible, do not buy this product."
738,103,1001,1,2024-01-21,"Excellent quality, exceeded my expectations!"
739,103,1003,4,2024-06-15,"Not worth the price, poor quality."
740,103,1005,1,2024-02-25,I love it! Highly recommend.
741,102,1003,5,2024-02-05,"Okay, but not as good as expected."
742,105,1005,1,2024-06-03,"Not worth the price, poor quality."
743,105,1005,5,2024-12-11,"Okay, but not as good as expected."
744,102,1001,5,2024-10-19,"Terrible, do not buy this product."
745,105,1002,2,2024-04-16,I love it! Highly recommend.
746,103,1003,5,2024-11-08,"Excellent quality, exceeded my expectations!"
747,102,1001,2,2024-08-28,"Excellent quality, exceeded my expectations!"
748,102,1002,2,2024-04-14,"Good product, but could be improved."
749,104,1005,1,2024-06-15,"Okay, but not as good as expected."
750,105,1001,3,2024-10-04,"Not worth the price, poor quality."
751,102,1001,5,2024-01-15,I love it! Highly recommend.
752,103,1002,2,2024-10-20,"Excellent quality, exceeded my expectations!"
753,102,1003,3,2024-03-01,I love it! Highly recommend.
754,103,1001,4,2024-12-11,"Excellent quality, exceeded my expectations!"
755,101,1001,4,2024-03-22,"Okay, but not as good as expected."
756,101,1005,5,2023-12-28,I love it! Highly recommend.
757,102,1005,2,2024-12-03,"Terrible, do not buy this product."
758,105,1001,3,2024-03-21,"Terrible, do not buy this product."
759,104,1004,3,2024-10-04,"Okay, but not as good as expected."
760,104,1004,2,2024-04-13,"Terrible, do not buy this product."
761,101,1005,2,2024-05-22,"Not worth the price, poor quality."
762,103,1002,1,2024-09-05,"Not worth the price, poor quality."
763,101,1002,3,2024-09-07,I love it! Highly recommend.
764,104,1005,5,2024-03-09,"Okay, but not as good as expected."
765,101,1005,5,2024-11-13,"Terrible, do not buy this product."
766,102,1003,2,2024-11-07,I love it! Highly recommend.
767,101,1002,1,2024-09-03,"Not worth the price, poor quality."
768,105,1001,1,2024-10-03,"Terrible, do not buy this product."
769,104,1003,4,2024-07-17,I love it! Highly recommend.
770,105,1005,5,2024-10-22,I love it! Highly recommend.
771,102,1004,2,2024-03-19,"Okay, but not as good as expected."
772,102,1001,4,2024-03-31,I love it! Highly recommend.
773,104,1001,1,2024-11-21,I love it! Highly recommend.
774,101,1001,1,2024-01-12,"Excellent quality, exceeded my expectations!"
775,105,1002,4,2024-02-10,"Excellent quality, exceeded my expectations!"
776,101,1002,1,2024-05-05,"Excellent quality, exceeded my expectations!"
777,105,1001,1,2024-12-18,"Okay, but not as good as expected."
778,105,1005,5,2024-08-07,I love it! Highly recommend.
779,105,1003,3,2024-04-02,"Okay, but not as good as expected."
780,104,1002,5,2024-04-27,"Terrible, do not buy this product."
781,104,1001,1,2024-07-02,I love it! Highly recommend.
782,105,1002,4,2024-04-23,"Not worth the price, poor quality."
783,105,1002,4,2024-11-09,I love it! Highly recommend.
784,104,1005,3,2024-03-31,"Good product, but could be improved."
785,101,1001,2,2024-05-30,"Good product, but could be improved."
786,105,1003,1,2024-06-10,"Terrible, do not buy this product."
787,105,1001,2,2024-07-14,"Good product, but could be improved."
788,101,1002,2,2024-04-17,"Excellent quality, exceeded my expectations!"
789,102,1005,1,2024-10-17,"Excellent quality, exceeded my expectations!"
790,101,1001,5,2024-12-04,"Excellent quality, exceeded my expectations!"
791,101,1003,2,2024-02-18,"Good product, but could be improved."
792,104,1004,1,2024-08-12,"Not worth the price, poor quality."
793,104,1004,4,2024-03-28,"Good product, but could be improved."
794,101,1001,5,2024-07-02,"Terrible, do not buy this product."
795,105,1001,1,2024-02-12,"Not worth the price, poor quality."
796,102,1001,2,2024-05-22,"Not worth the price, poor quality."
797,103,1001,2,2024-04-03,I love it! Highly recommend.
798,104,1004,3,2024-08-25,"Good product, but could be improved."
799,104,1003,3,2024-04-10,"Excellent quality, exceeded my expectations!"
800,103,1001,4,2024-09-25,"Good product, but could be improved."
801,104,1002,3,2024-03-10,"Okay, but not as good as expected."
802,104,1005,5,2024-08-04,"Good product, but could be improved."
803,104,1005,1,2024-12-12,I love it! Highly recommend.
804,105,1003,5,2024-01-11,"Okay, but not as good as expected."
805,104,1005,1,2024-02-10,"Good product, but could be improved."
806,104,1003,3,2024-03-14,"Not worth the price, poor quality."
807,101,1001,2,2024-08-17,"Not worth the price, poor quality."
808,103,1005,5,2024-08-24,"Okay, but not as good as expected."
809,102,1003,2,2024-07-04,"Not worth the price, poor quality."
810,104,1005,3,2024-02-23,"Okay, but not as good as expected."
811,101,1001,1,2024-02-16,"Good product, but could be improved."
812,102,1004,4,2024-04-06,"Terrible, do not buy this product."
813,102,1002,4,2024-03-24,"Terrible, do not buy this product."
814,102,1004,4,2024-04-04,"Not worth the price, poor quality."
815,102,1003,4,2024-08-19,"Terrible, do not buy this product."
816,105,1001,4,2024-06-14,"Okay, but not as good as expected."
817,103,1003,4,2024-03-14,"Okay, but not as good as expected."
818,104,1001,4,2024-06-28,"Good product, but could be improved."
819,102,1002,4,2024-06-13,"Good product, but could be improved."
820,105,1004,1,2024-10-16,"Excellent quality, exceeded my expectations!"
821,105,1004,1,2024-12-16,I love it! Highly recommend.
822,101,1003,5,2024-05-06,"Okay, but not as good as expected."
823,101,1001,2,2024-05-04,"Good product, but could be improved."
824,105,1003,2,2024-03-30,"Good product, but could be improved."
825,105,1004,2,2024-06-09,"Excellent quality, exceeded my expectations!"
826,105,1002,4,2024-12-16,"Terrible, do not buy this product."
827,101,1004,1,2024-08-28,"Terrible, do not buy this product."
828,103,1004,3,2024-03-29,I love it! Highly recommend.
829,101,1003,5,2024-12-20,"Excellent quality, exceeded my expectations!"
830,105,1001,4,2024-03-02,"Good product, but could be improved."
831,104,1002,3,2024-01-03,"Excellent quality, exceeded my expectations!"
832,101,1005,4,2024-03-15,"Not worth the price, poor quality."
833,102,1003,5,2024-12-16,"Excellent quality, exceeded my expectations!"
834,104,1003,4,2024-12-12,"Not worth the price, poor quality."
835,103,1005,4,2024-02-18,"Not worth the price, poor quality."
836,102,1002,5,2024-03-08,"Not worth the price, poor quality."
837,101,1001,4,2024-05-18,"Not worth the price, poor quality."
838,101,1002,3,2024-11-29,"Not worth the price, poor quality."
839,102,1003,2,2024-03-23,I love it! Highly recommend.
840,103,1003,3,2024-07-07,"Okay, but not as good as expected."
841,104,1002,2,2024-08-21,"Excellent quality, exceeded my expectations!"
842,105,1005,2,2024-07-15,"Not worth the price, poor quality."
843,101,1004,4,2024-11-15,"Not worth the price, poor quality."
844,103,1003,3,2024-07-16,"Okay, but not as good as expected."
845,101,1003,5,2024-11-04,I love it! Highly recommend.
846,101,1001,2,2024-06-18,"Not worth the price, poor quality."
847,104,1004,3,2024-07-02,I love it! Highly recommend.
848,104,1001,5,2024-05-26,"Okay, but not as good as expected."
849,101,1002,1,2024-04-27,"Okay, but not as good as expected."
850,102,1001,2,2024-10-03,"Terrible, do not buy this product."
851,103,1004,4,2024-02-28,"Terrible, do not buy this product."
852,103,1002,5,2024-10-16,"Excellent quality, exceeded my expectations!"
853,102,1002,3,2024-11-23,I love it! Highly recommend.
854,103,1001,3,2024-09-08,"Okay, but not as good as expected."
855,101,1004,5,2024-10-10,"Terrible, do not buy this product."
856,103,1002,5,2024-06-30,"Not worth the price, poor quality."
857,102,1005,1,2024-08-29,"Terrible, do not buy this product."
858,105,1004,3,2024-04-17,"Not worth the price, poor quality."
859,104,1005,5,2024-01-02,"Not worth the price, poor quality."
860,101,1002,4,2023-12-30,I love it! Highly recommend.
861,103,1005,1,2024-09-18,"Not worth the price, poor quality."
862,103,1004,1,2024-10-05,"Okay, but not as good as expected."
863,104,1004,3,2024-07-07,"Not worth the price, poor quality."
864,101,1003,4,2024-03-05,"Not worth the price, poor quality."
865,102,1002,3,2024-05-26,I love it! Highly recommend.
866,103,1002,5,2024-08-23,"Excellent quality, exceeded my expectations!"
867,103,1002,5,2024-08-27,"Terrible, do not buy this product."
868,105,1005,1,2024-10-04,"Not worth the price, poor quality."
869,104,1001,2,2023-12-31,I love it! Highly recommend.
870,105,1002,1,2024-10-16,"Okay, but not as good as expected."
871,104,1002,1,2024-04-23,"Not worth the price, poor quality."
872,101,1005,4,2024-09-16,I love it! Highly recommend.
873,105,1001,1,2024-01-14,"Terrible, do not buy this product."
874,102,1005,1,2024-11-20,"Good product, but could be improved."
875,104,1002,2,2024-01-25,"Excellent quality, exceeded my expectations!"
876,104,1002,3,2024-07-28,"Good product, but could be improved."
877,103,1003,3,2024-03-12,"Okay, but not as good as expected."
878,102,1001,2,2024-09-23,"Not worth the price, poor quality."
879,104,1005,1,2024-11-12,"Terrible, do not buy this product."
880,105,1002,5,2024-03-13,"Not worth the price, poor quality."
881,101,1002,5,2024-02-25,"Excellent quality, exceeded my expectations!"
882,105,1003,3,2024-06-23,I love it! Highly recommend.
883,103,1002,4,2024-04-09,"Terrible, do not buy this product."
884,102,1001,5,2024-05-29,"Not worth the price, poor quality."
885,104,1002,1,2024-05-16,"Excellent quality, exceeded my expectations!"
886,104,1003,5,2024-01-04,I love it! Highly recommend.
887,104,1003,4,2024-04-30,"Terrible, do not buy this product."
888,101,1005,5,2024-04-16,"Okay, but not as good as expected."
889,105,1003,4,2024-05-14,"Good product, but could be improved."
890,103,1005,1,2024-07-23,"Terrible, do not buy this product."
891,103,1004,5,2024-01-03,"Okay, but not as good as expected."
892,101,1003,4,2024-02-22,"Okay, but not as good as expected."
893,101,1002,5,2024-08-14,"Okay, but not as good as expected."
894,101,1003,2,2024-08-14,"Not worth the price, poor quality."
895,104,1003,2,2024-10-26,"Terrible, do not buy this product."
896,105,1003,2,2024-08-08,"Good product, but could be improved."
897,101,1001,3,2024-05-06,"Excellent quality, exceeded my expectations!"
898,103,1004,1,2024-05-08,"Not worth the price, poor quality."
899,102,1004,2,2024-06-11,"Not worth the price, poor quality."
900,102,1002,4,2024-10-19,I love it! Highly recommend.
901,103,1003,4,2024-02-18,"Not worth the price, poor quality."
902,103,1001,5,2024-06-21,"Okay, but not as good as expected."
903,104,1001,2,2024-06-25,"Okay, but not as good as expected."
904,103,1002,5,2023-12-31,"Not worth the price, poor quality."
905,103,1004,3,2024-11-14,"Good product, but could be improved."
906,102,1002,4,2024-11-05,"Not worth the price, poor quality."
907,103,1005,2,2024-09-27,"Good product, but could be improved."
908,105,1005,5,2024-07-17,"Excellent quality, exceeded my expectations!"
909,102,1005,5,2024-08-19,"Terrible, do not buy this product."
910,102,1002,5,2024-08-02,"Not worth the price, poor quality."
911,105,1001,3,2024-06-20,I love it! Highly recommend.
912,103,1005,5,2024-11-30,"Not worth the price, poor quality."
913,104,1003,2,2024-08-12,"Not worth the price, poor quality."
914,105,1005,1,2024-04-26,"Not worth the price, poor quality."
915,105,1003,1,2024-01-20,"Okay, but not as good as expected."
916,104,1001,2,2024-04-25,"Terrible, do not buy this product."
917,103,1003,1,2024-06-13,"Terrible, do not buy this product."
918,105,1003,5,2024-01-21,"Terrible, do not buy this product."
919,101,1005,2,2024-01-10,"Okay, but not as good as expected."
920,104,1005,5,2024-11-27,"Excellent quality, exceeded my expectations!"
921,101,1005,5,2024-05-13,"Terrible, do not buy this product."
922,103,1004,4,2024-12-15,"Okay, but not as good as expected."
923,102,1004,1,2024-12-23,"Excellent quality, exceeded my expectations!"
924,105,1003,2,2024-05-12,"Excellent quality, exceeded my expectations!"
925,104,1003,2,2024-12-06,"Not worth the price, poor quality."
926,102,1003,3,2024-12-17,"Okay, but not as good as expected."
927,102,1005,2,2024-05-31,I love it! Highly recommend.
928,102,1001,4,2024-08-31,"Terrible, do not buy this product."
929,105,1002,4,2024-07-08,I love it! Highly recommend.
930,105,1004,3,2024-12-09,"Excellent quality, exceeded my expectations!"
931,102,1002,2,2024-04-10,"Not worth the price, poor quality."
932,101,1004,2,2024-10-11,"Okay, but not as good as expected."
933,105,1002,5,2024-04-18,"Excellent quality, exceeded my expectations!"
934,105,1003,1,2024-04-11,"Good product, but could be improved."
935,102,1003,2,2024-06-27,"Excellent quality, exceeded my expectations!"
936,101,1001,1,2024-09-23,"Good product, but could be improved."
937,105,1003,5,2024-06-05,"Excellent quality, exceeded my expectations!"
938,105,1001,4,2024-04-30,"Excellent quality, exceeded my expectations!"
939,103,1002,2,2024-11-25,"Good product, but could be improved."
940,103,1002,1,2024-09-20,"Okay, but not as good as expected."
941,103,1003,1,2024-06-07,"Okay, but not as good as expected."
942,105,1001,2,2024-08-14,I love it! Highly recommend.
943,103,1003,2,2024-08-11,"Okay, but not as good as expected."
944,105,1003,5,2024-08-22,"Excellent quality, exceeded my expectations!"
945,102,1002,3,2024-06-02,"Excellent quality, exceeded my expectations!"
946,105,1003,2,2024-05-21,"Okay, but not as good as expected."
947,101,1004,2,2023-12-30,"Excellent quality, exceeded my expectations!"
948,105,1002,5,2024-05-17,"Not worth the price, poor quality."
949,102,1005,3,2024-04-23,"Not worth the price, poor quality."
950,101,1003,4,2024-07-22,"Good product, but could be improved."
951,102,1002,5,2024-03-16,I love it! Highly recommend.
952,105,1001,1,2024-04-27,"Good product, but could be improved."
953,103,1003,1,2024-05-14,"Okay, but not as good as expected."
954,101,1001,1,2024-10-27,I love it! Highly recommend.
955,102,1003,1,2024-08-21,"Excellent quality, exceeded my expectations!"
956,103,1005,4,2024-10-23,"Not worth the price, poor quality."
957,102,1004,5,2024-11-05,"Good product, but could be improved."
958,102,1003,2,2024-11-16,I love it! Highly recommend.
959,104,1003,3,2024-01-22,"Not worth the price, poor quality."
960,105,1001,2,2024-02-15,"Excellent quality, exceeded my expectations!"
961,103,1005,2,2024-04-19,"Okay, but not as good as expected."
962,102,1003,1,2024-12-09,"Excellent quality, exceeded my expectations!"
963,105,1005,2,2024-11-20,"Good product, but could be improved."
964,102,1002,5,2024-05-13,"Okay, but not as good as expected."
965,102,1003,2,2024-02-11,"Good product, but could be improved."
966,101,1004,5,2024-02-28,"Excellent quality, exceeded my expectations!"
967,101,1004,1,2024-05-24,"Good product, but could be improved."
968,103,1005,1,2024-07-17,"Good product, but could be improved."
969,104,1003,3,2024-10-03,I love it! Highly recommend.
970,101,1003,5,2024-12-09,I love it! Highly recommend.
971,102,1001,5,2024-08-06,"Good product, but could be improved."
972,105,1001,1,2024-09-25,I love it! Highly recommend.
973,105,1005,1,2024-11-14,"Excellent quality, exceeded my expectations!"
974,105,1003,3,2024-06-16,"Good product, but could be improved."
975,103,1005,5,2024-12-15,"Excellent quality, exceeded my expectations!"
976,103,1004,2,2024-09-15,"Excellent quality, exceeded my expectations!"
977,104,1001,5,2024-09-08,"Terrible, do not buy this product."
978,104,1003,1,2024-08-15,"Okay, but not as good as expected."
979,105,1005,4,2024-04-19,"Terrible, do not buy this product."
980,105,1002,4,2024-01-21,"Okay, but not as good as expected."
981,103,1001,1,2024-03-03,"Excellent quality, exceeded my expectations!"
982,104,1004,5,2024-05-26,"Good product, but could be improved."
983,105,1004,2,2024-11-02,"Excellent quality, exceeded my expectations!"
984,102,1005,3,2024-01-15,"Good product, but could be improved."
985,103,1003,2,2023-12-31,"Good product, but could be improved."
986,105,1003,2,2024-01-12,"Excellent quality, exceeded my expectations!"
987,103,1004,3,2024-05-30,"Not worth the price, poor quality."
988,105,1004,2,2024-07-20,"Okay, but not as good as expected."
989,102,1001,4,2024-11-18,"Okay, but not as good as expected."
990,105,1002,4,2024-12-20,I love it! Highly recommend.
991,101,1002,2,2024-01-18,"Okay, but not as good as expected."
992,102,1003,2,2024-12-06,"Okay, but not as good as expected."
993,104,1005,5,2024-07-17,"Terrible, do not buy this product."
994,103,1003,1,2024-02-10,"Good product, but could be improved."
995,104,1001,3,2024-11-02,"Excellent quality, exceeded my expectations!"
996,104,1001,2,2024-09-23,"Excellent quality, exceeded my expectations!"
997,101,1004,2,2024-09-01,I love it! Highly recommend.
998,101,1003,1,2024-01-31,"Good product, but could be improved."
999,105,1001,1,2024-04-14,"Excellent quality, exceeded my expectations!"
1000,101,1002,2,2024-03-27,"Good product, but could be improved."
